{
  "Lv": 1,
  "Exp": 46,
  "OrgAtks": [
    0,
    0,
    0,
    0,
    0,
    0,
    0
  ],
  "OrgDefs": [
    0,
    0,
    0,
    0,
    0,
    0,
    0
  ],
  "HP": 100,
  "HPmax": 100,
  "Chg": 0,
  "SP": [
    0,
    -64,
    0
  ],
  "EffBas": {},
  "EffSpc": {},
  "MH-UUID": [
    "9da02c63-4f8b-11ef-886e-f14eda5cd141",
    null,
    null,
    null
  ],
  "RLC-UUID": [
    null,
    null,
    null,
    null,
    null,
    null,
    null,
    null
  ]
}