{
  "Lv": 1,
  "Exp": 139,
  "OrgAtks": [
    0,
    0,
    0,
    0,
    0,
    0,
    0
  ],
  "OrgDefs": [
    0,
    0,
    0,
    0,
    0,
    0,
    0
  ],
  "HP": 0,
  "HPmax": 100,
  "Chg": 50,
  "SP": [
    0,
    -64,
    0
  ],
  "EffBas": {},
  "EffSpc": {},
  "MH-UUID": [
    "e58870e5-4cbd-11ef-af5d-8effd189d41b",
    null,
    null,
    null
  ],
  "RLC-UUID": [
    null,
    null,
    null,
    null,
    null,
    null,
    null,
    null
  ]
}