{
  "friends": {
    "dightning": [
      "天穹流萤",
      1719237772
    ],
    "FSkyBlueBot": [
      "泥是。。。？",
      1719237722
    ],
    "钮钴禄氏_莓": [
      "啊~",
      1721224350
    ],
    "Super_清灵风": [
      "清风你不要无视。。",
      1721224509
    ],
    "恐惧的鬼魂迦叶": [
      "可以做个技能扣血，给直接提升（类似于崩铁的刃）",
      1721224656
    ]
  },
  "unread": {
    "恐惧的鬼魂迦叶": 1
  }
}