{
    "显示名": "真正的树场",
    "描述": "搭建一个伐木机并站在其旁边",
    "检测的指令": [
        "/execute as [玩家名] at @s run testfor @e[r=6,scores={st:mc_type=5}]"
    ],
    "需要的物品": {},
    "只能由命令方块触发完成": false,
    "任务模式(-1=一次性 0=可重复做 >0为任务冷却秒数)": -1,
    "任务完成": {
        "执行的指令": [
            "/give [玩家名] sapling 1",
            "/give [玩家名] sapling 1 1",
            "/give [玩家名] sapling 1 2",
            "/give [玩家名] sapling 1 3",
            "/give [玩家名] sapling 1 4"
        ],
        "给予的物品": {
            "铁块": [
                "iron_block",
                4
            ]
        },
        "开启的新任务": []
    }
}