{
    "显示名": "地热发电站..为什么不用蒸汽？",
    "描述": "制作一个地热发电机， 站在其旁边并使其开始发电",
    "检测的指令": [
        "/execute as [玩家名] at @s run testfor @e[r=6,scores={st:mc_type=10,st:gen_rfp=1..}]"
    ],
    "需要的物品": {},
    "只能由命令方块触发完成": false,
    "任务模式(-1=一次性 0=可重复做 >0为任务冷却秒数)": -1,
    "任务完成": {
        "执行的指令": [],
        "给予的物品": {
            "岩浆桶": [
                "lava_bucket",
                1
            ]
        },
        "开启的新任务": [
            "蔚蓝科技/发电机-幕间休息"
        ]
    }
}