{
    "显示名": "科技的第一步：工业材料学",
    "描述": "用筛子筛矿获取1个锡粉、1个铅粉、1个银粉、1个镍粉",
    "检测的指令": [],
    "需要的物品": {
        "锡粉": [
            "sugar",
            1,
            605
        ],
        "铅粉": [
            "gunpowder",
            1,
            606
        ],
        "银粉": [
            "sugar",
            1,
            608
        ],
        "镍粉": [
            "glowstone_dust",
            1,
            609
        ]
    },
    "只能由命令方块触发完成": false,
    "任务模式(-1=一次性 0=可重复做 >0为任务冷却秒数)": -1,
    "任务完成": {
        "执行的指令": [
            "xp 4L [player]"
        ],
        "给予的物品": {
            "红石": [
                "redstone",
                16
            ],
            "铜锭": [
                "copper_ingot",
                16
            ]
        },
        "开启的新任务": [
            "蔚蓝科技/熔炼炉",
            "蔚蓝科技/打粉机",
            "蔚蓝科技/电池"
        ]
    }
}