{
    "显示名": "合金弹头",
    "描述": "搭建一个感应炉并用其制作至少1个青铜锭",
    "检测的指令": [],
    "需要的物品": {
        "青铜锭": [
            "copper_ingot",
            1,
            511
        ]
    },
    "只能由命令方块触发完成": false,
    "任务模式(-1=一次性 0=可重复做 >0为任务冷却秒数)": -1,
    "任务完成": {
        "执行的指令": [
            "/execute as [玩家名] at @s run structure load 速度升级 ~~~"
        ],
        "给予的物品": {},
        "开启的新任务": [
            "蔚蓝科技/自动挖石机",
            "蔚蓝科技/伐木机",
            "蔚蓝科技/自动筛子"
        ]
    }
}