{
    "显示名": "火力电厂",
    "描述": "搭建一个火力发电机，站在其旁边并使其开始发电",
    "检测的指令": [
        "/execute as [玩家名] at @s run testfor @e[r=6,scores={st:mc_type=6,st:gen_rfp=1..}]"
    ],
    "需要的物品": {},
    "只能由命令方块触发完成": false,
    "任务模式(-1=一次性 0=可重复做 >0为任务冷却秒数)": -1,
    "任务完成": {
        "执行的指令": [
            "/xp 5L [玩家名]"
        ],
        "给予的物品": {
            "木炭": [
                "charcoal",
                8
            ]
        },
        "开启的新任务": [
            "蔚蓝科技/地热发电机"
        ]
    }
}