{
    "显示名": "真正的 “热门话题”",
    "描述": "搭建一个熔炼炉并用其将1个锡粉、1个铅粉、1个银粉、1个镍粉都熔炼成锭",
    "检测的指令": [],
    "需要的物品": {
        "锡锭": [
            "iron_ingot",
            1,
            505
        ],
        "铅锭": [
            "netherbrick",
            1,
            506
        ],
        "银锭": [
            "iron_ingot",
            1,
            508
        ],
        "镍锭": [
            "copper_ingot",
            1,
            509
        ]
    },
    "只能由命令方块触发完成": false,
    "任务模式(-1=一次性 0=可重复做 >0为任务冷却秒数)": -1,
    "任务完成": {
        "执行的指令": [],
        "给予的物品": {
            "红石": [
                "redstone",
                16
            ],
            "钻石": [
                "diamond",
                1
            ]
        },
        "开启的新任务": [
            "蔚蓝科技/感应炉"
        ]
    }
}