{
    "显示名": "蓄电站",
    "描述": "建造一个处于激活模式的电池并站在其旁边",
    "检测的指令": [
        "/execute as [玩家名] at @s run testfor @e[r=6,tag=st.dc]"
    ],
    "需要的物品": {},
    "只能由命令方块触发完成": false,
    "任务模式(-1=一次性 0=可重复做 >0为任务冷却秒数)": -1,
    "任务完成": {
        "执行的指令": [
            "xp 2L [player]"
        ],
        "给予的物品": {
            "红石": [
                "redstone",
                16
            ]
        },
        "开启的新任务": [
            "蔚蓝科技/火力发电机"
        ]
    }
}