{
    "显示名": "筛砂砾的假人",
    "描述": "搭建一个自动筛子并站在其旁边",
    "检测的指令": [
        "/execute as [玩家名] at @s run testfor @e[r=6,scores={st:mc_type=13}]"
    ],
    "需要的物品": {},
    "只能由命令方块触发完成": false,
    "任务模式(-1=一次性 0=可重复做 >0为任务冷却秒数)": -1,
    "任务完成": {
        "执行的指令": [],
        "给予的物品": {
            "下界之星": [
                "netherstar",
                1
            ]
        },
        "开启的新任务": []
    }
}