{
    "显示名": "自动刷石，虽迟但到！",
    "描述": "搭建一个自动挖石机并站在其旁边",
    "检测的指令": [
        "/execute as [玩家名] at @s run testfor @e[r=6,scores={st:mc_type=11}]"
    ],
    "需要的物品": {},
    "只能由命令方块触发完成": false,
    "任务模式(-1=一次性 0=可重复做 >0为任务冷却秒数)": -1,
    "任务完成": {
        "执行的指令": [],
        "给予的物品": {
            "切制铜块": [
                "waxed_cut_copper",
                6
            ]
        },
        "开启的新任务": [
            "蔚蓝科技/幕间休息-2"
        ]
    }
}