{
    "标签名": "task-2",
    "显示名": "这也算刷怪？",
    "描述": "制作刷怪塔或刷怪平台，获取1个腐肉",
    "任务达成条件检测的指令": [
        "testfor @a[name=[玩家名],hasitem={item=rotten_flesh,quantity=1..}]"
    ],
    "只能由命令方块触发": false,
    "任务达成条件高级设置(没有就填{})": {},
    "任务模式(-1=一次性 0=可重复做 >0为任务冷却秒数)": -1,
    "任务完成": {
        "执行的指令": [
            "give [玩家名] iron_axe",
            "give [玩家名] iron_pickaxe"
        ],
        "给予的[RPG特殊物品标签名:数量](没有就填{})": {},
        "触发的剧情的标签名(没有则填null)": "task-2"
    }
}