{
    "标签名": "task-4",
    "显示名": "幕间休息",
    "描述": "休息一下，马上回来...",
    "任务达成条件检测的指令": [
        "testfor @a[name=[玩家名],hasitem={item=command_block,quantity=1..}]"
    ],
    "只能由命令方块触发": false,
    "任务达成条件高级设置(没有就填{})": {},
    "任务模式(-1=一次性 0=可重复做 >0为任务冷却秒数)": -1,
    "任务完成": {
        "执行的指令": [
            "give [玩家名] gravel 32",
            "give [玩家名] scaffolding"
        ],
        "给予的[RPG特殊物品标签名:数量](没有就填{})": {},
        "触发的剧情的标签名(没有则填null)": "task-3"
    }
}