{
    "显示名": "喜欢在泥坑跳来跳去",
    "描述": "站在水里脚踩一块泥土并使其变成一块泥巴",
    "检测的指令": [],
    "需要的物品": {
        "泥巴": [
            "mud",
            1
        ]
    },
    "只能由命令方块触发完成": false,
    "任务模式(-1=一次性 0=可重复做 >0为任务冷却秒数)": -1,
    "任务完成": {
        "执行的指令": [],
        "给予的物品": {
            "泥巴": [
                "mud",
                9
            ]
        },
        "开启的新任务": [
            "开局任务/筛泥巴"
        ]
    }
}