{
    "显示名": "可再生泥土",
    "描述": "用泥土和砂砾合成砂土， 之后可以耕种以变回泥土",
    "检测的指令": [],
    "需要的物品": {
        "砂土": [
            "dirt",
            4,
            1
        ]
    },
    "只能由命令方块触发完成": false,
    "任务模式(-1=一次性 0=可重复做 >0为任务冷却秒数)": -1,
    "任务完成": {
        "执行的指令": [],
        "给予的物品": {
            "草垛": [
                "hay_block",
                9
            ]
        },
        "开启的新任务": [
            "资源获取/种小麦"
        ]
    }
}