{
    "显示名": "北瓜",
    "描述": "种下南瓜种子， 并等待其成熟时收获",
    "检测的指令": [],
    "需要的物品": {
        "南瓜": [
            "pumpkin",
            1
        ]
    },
    "只能由命令方块触发完成": false,
    "任务模式(-1=一次性 0=可重复做 >0为任务冷却秒数)": -1,
    "任务完成": {
        "执行的指令": [
            "scoreboard players add [玩家名] money 500",
            "td:/say §e+ 500金币"
        ],
        "给予的物品": {
            "骨粉": [
                "bone_meal",
                16
            ],
            "红石": [
                "redstone",
                9
            ]
        },
        "开启的新任务": []
    }
}