{
    "显示名": "野果",
    "描述": "种下一些小麦种子，并收获一季小麦",
    "检测的指令": [],
    "需要的物品": {
        "小麦": [
            "wheat",
            9
        ]
    },
    "只能由命令方块触发完成": false,
    "任务模式(-1=一次性 0=可重复做 >0为任务冷却秒数)": -1,
    "任务完成": {
        "执行的指令": [],
        "给予的物品": {
            "骨粉": [
                "bone_meal",
                16
            ],
            "钻石锄": [
                "diamond_hoe",
                1
            ]
        },
        "开启的新任务": [
            "资源获取/面包"
        ]
    }
}