{
    "显示名": "热门建筑话题",
    "描述": "将黏土球在熔炉烧成红砖",
    "检测的指令": [],
    "需要的物品": {
        "红砖": [
            "brick",
            1
        ]
    },
    "只能由命令方块触发完成": false,
    "任务模式(-1=一次性 0=可重复做 >0为任务冷却秒数)": -1,
    "任务完成": {
        "执行的指令": [],
        "给予的物品": {
            "木炭": [
                "charcoal",
                16
            ]
        },
        "开启的新任务": [
            "休闲/花盆"
        ]
    }
}