{
    "显示名": "枫丹棍",
    "描述": "用获得的小麦制作1/4组面包",
    "检测的指令": [],
    "需要的物品": {
        "面包": [
            "bread",
            16
        ]
    },
    "只能由命令方块触发完成": false,
    "任务模式(-1=一次性 0=可重复做 >0为任务冷却秒数)": -1,
    "任务完成": {
        "执行的指令": [],
        "给予的物品": {
            "熟鸡肉": [
                "cooked_chicken",
                16
            ],
            "绿宝石": [
                "emerald",
                2
            ]
        },
        "开启的新任务": [
            "资源获取/面包"
        ]
    }
}