{
    "显示名": "瓷土",
    "描述": "在泥巴下方放置滴水石锥， 等待泥巴变为黏土并将其挖掉",
    "检测的指令": [],
    "需要的物品": {
        "黏土球": [
            "clay_ball",
            4
        ]
    },
    "只能由命令方块触发完成": false,
    "任务模式(-1=一次性 0=可重复做 >0为任务冷却秒数)": -1,
    "任务完成": {
        "执行的指令": [],
        "给予的物品": {
            "陶瓦": [
                "hardened_clay",
                32
            ],
            "钻石": [
                "diamond",
                2
            ]
        },
        "开启的新任务": [
            "资源获取/红砖"
        ]
    }
}