{
  "SkyblueSuper": {
    "own_island": 0,
    "main_island": null,
    "member_island": []
  },
  "Super_AFK": {
    "own_island": 1,
    "main_island": null,
    "member_island": []
  },
  "恐惧的鬼魂迦叶": {
    "own_island": 2,
    "main_island": null,
    "member_island": []
  },
  "Super_清灵风": {
    "own_island": 3,
    "main_island": null,
    "member_island": []
  },
  "FSkyBlueBot": {
    "own_island": 4,
    "main_island": null,
    "member_island": []
  },
  "Kongju3": {
    "own_island": 5,
    "main_island": null,
    "member_island": []
  }
}