{
  "0": {
    "uid": 0,
    "pos": [
      0,
      100,
      360
    ],
    "owner": "SkyblueSuper",
    "members": []
  },
  "1": {
    "uid": 1,
    "pos": [
      0,
      100,
      520
    ],
    "owner": "Super_AFK",
    "members": []
  },
  "2": {
    "uid": 2,
    "pos": [
      0,
      100,
      680
    ],
    "owner": "恐惧的鬼魂迦叶",
    "members": []
  },
  "3": {
    "uid": 3,
    "pos": [
      0,
      100,
      840
    ],
    "owner": "Super_清灵风",
    "members": []
  },
  "4": {
    "uid": 4,
    "pos": [
      0,
      100,
      1000
    ],
    "owner": "FSkyBlueBot",
    "members": []
  },
  "5": {
    "uid": 5,
    "pos": [
      0,
      100,
      1160
    ],
    "owner": "Kongju3",
    "members": []
  }
}