{
    "显示名": "鱼喵喵~",
    "描述": "手持半组生鱼并吸引周围的猫",
    "检测的指令": [
        "execute as [玩家名] at @s run testfor @e[r=7,type=cat]"
    ],
    "需要的物品": {
        "热带鱼": [
            "fish",
            32
        ]
    },
    "只能由命令方块触发完成": false,
    "任务模式(-1=一次性 0=可重复做 >0为任务冷却秒数)": -1,
    "任务完成": {
        "执行的指令": [
            "xp 10L [玩家名]",
            "td:/sayto §a收到了喵喵的回赠~"
        ],
        "给予的物品": {
            "熟鲑鱼": [
                "cooked_salmon",
                8
            ],
            "熟鱼": [
                "cooked_fish",
                8
            ]
        },
        "开启的新任务": []
    }
}