{
    "显示名": "幽香内室",
    "描述": "用红砖制作6个花盆",
    "检测的指令": [],
    "需要的物品": {
        "花盆": [
            "flower_pot",
            6
        ]
    },
    "只能由命令方块触发完成": false,
    "任务模式(-1=一次性 0=可重复做 >0为任务冷却秒数)": -1,
    "任务完成": {
        "执行的指令": [
            "scoreboard players add [玩家名] money 600",
            "td:/sayto §e+ 600金币"
        ],
        "给予的物品": {
            "花": [
                "red_flower",
                6
            ]
        },
        "开启的新任务": []
    }
}