{
    "显示名": "热滩假日",
    "描述": "在空岛上钓到5个热带鱼",
    "检测的指令": [],
    "需要的物品": {
        "热带鱼": [
            "tropicalfish",
            5
        ]
    },
    "只能由命令方块触发完成": false,
    "任务模式(-1=一次性 0=可重复做 >0为任务冷却秒数)": -1,
    "任务完成": {
        "执行的指令": [
            "xp 3L [玩家名]"
        ],
        "给予的物品": {
            "鱼桶": [
                "cod_bucket",
                1
            ]
        },
        "开启的新任务": [
            "休闲/喂养猫"
        ]
    }
}