{
    "显示名": "渔人码头",
    "描述": "在空岛上钓到5个生鱼",
    "检测的指令": [],
    "需要的物品": {
        "生鱼": [
            "fish",
            5
        ]
    },
    "只能由命令方块触发完成": false,
    "任务模式(-1=一次性 0=可重复做 >0为任务冷却秒数)": -1,
    "任务完成": {
        "执行的指令": [
            "/scoreboard players add [player] money 500",
            "td:/sayto §e+ 500金币"
        ],
        "给予的物品": {
            "鱼桶": [
                "cod_bucket",
                1
            ]
        },
        "开启的新任务": [
            "休闲/钓热带鱼"
        ]
    }
}