{
    "配置版本": "0.0.1",
    "配置项": {
        "合成配方": [
            {
                "显示名": "桃木剑",
                "合成物UID": 1,
                "最低等级": 1,
                "最低任务": 1,
                "配方": [
                    {
                        "显示名": "灵木",
                        "计分板名": "?",
                        "数量": 5
                    },
                    {
                        "显示名": "石头",
                        "计分板名": "??",
                        "数量": 5
                    },
                    {
                        "显示名": "树叶",
                        "计分板名": "???",
                        "数量": 5
                    },
                    {
                        "显示名": "金币",
                        "计分板名": "????",
                        "数量": 5
                    }
                ]
            }
        ]
    }
}