{
    "配置版本": "0.0.1",
    "配置项": {
        "雪球菜单显示名": "聊天",
        "最大上下文存储数量": 200,
        "聊天界面最大信息行数": 6,
        "好友列表显示格式": {
            "头部": "§7============§f好友列表§7============",
            "选项": "[好友名] [未读消息格式] §7[最近一次历史消息] §8[最近一次聊天时间]",
            "尾部": ""
        },
        "聊天界面显示格式": {
            "头部": "§7< §c[[未读消息数]] [好友名] \n===============",
            "单行消息(消息)": "[发送者]> [消息]",
            "单行消息(时间)": "    [时间]",
            "单行消息(其他)": "    [消息]",
            "尾部": ""
        }
    }
}