{
    "配置版本": "0.0.1",
    "配置项": {
        "云链地址": "ws://qfht.dqyt.online:20032",
        "消息转发设置": {
            "链接的群聊": 194838530,
            "游戏到群": {
                "是否启用": true,
                "转发格式": "<[玩家名]> [消息]"
            },
            "群到游戏": {
                "是否启用": true,
                "转发格式": "群 <[昵称]> [消息]"
            }
        },
        "指令设置": {
            "可以对游戏执行指令的QQ号名单": [
                2528622340,
                2483724640,
                738893087
            ],
            "是否允许查看玩家列表": true
        }
    }
}