{
    "配置版本": "0.0.1",
    "配置项": {
        "任务设置": {
            "任务列表显示格式": [
                "§7▶ 当前正在进行的任务:",
                " §f[i] §7- §f[任务显示名]\n  §7[任务描述] ",
                "§7在15s内§f输入序号§7可以提交此任务 §f其他§7以退出"
            ],
            "接到新任务时执行的指令": [
                "\/execute as @a[name=[玩家名]] at @s run playsound note.pling @s ~~~ 1 1.4",
                "\/tellraw @a[name=[玩家名]] {\"rawtext\":[{\"text\":\"§d▶ §e收到新任务 §f[任务显示名]\n  §7[任务描述] \n§3输入§b.rw§3以提交任务\"}]}"
            ],
            "任务无法提交的显示": {
                "格式": "§c任务无法达成， 原因:\n [原因]"
            },
            "任务无法开始的显示": {
                "格式": "§c任务无法开始， 原因:\n [原因]"
            },
            "任务完成执行的指令": [
                "\/tellraw @a[name=[玩家名]] {\"rawtext\":[{\"text\":\"§a任务完成\"}]}",
                "\/execute as @a[name=[玩家名]] at @s run playsound random.levelup @s"
            ]
        }
    }
}