{
    "配置版本": "0.0.1",
    "配置项": {
        "公告内容(公告内容:计分板数字)": {
            "| §7%m\/%d\/20%y 星期[星期]": 2,
            "| §a%H§f : §a%M": 1,
            "| §9在线人数: §a[在线人数]": 0,
            "| §qTPS: [tps颜色]§7/20": -1,
            "| §b玩家交流地:": -2,
            "| §b223216881": -3
        },
        "公告标题栏名(请注意长度)": "§bSkyblue§l蔚蓝空域",
        "刷新频率(秒)": 20
    }
}