{
    "配置版本": "0.0.4",
    "配置项": {
        "中心服务器IP": "ws://superlink.whiteleaf.cn:24013",
        "服服互通协议": "SuperLink-v4@SuperScript",
        "协议附加配置": {
            "此租赁服的公开显示名": "蔚蓝空域",
            "登入后自动连接到的频道大区名": "公共大区",
            "频道密码": ""
        },
        "基本互通配置": {
            "是否转发玩家发言": true,
            "转发聊天到本服格式": "§7<[服名]:[玩家名]> [消息]",
            "屏蔽以下前缀的信息上传": [
                "."
            ]
        }
    }
}