{
    "配置版本": "0.0.1",
    "配置项": {
        "根据服内tps动态计算限速值": true,
        "限速速度(推\/拉每10秒)": 40,
        "反制指令": [
            "\/say §c位于§6([x], [y], [z])§c的活塞已超速， 已破坏， 最近玩家： §e[最近玩家]\n§6当前限速值： §a[限速值]",
            "\/setblock [x] [y] [z] air 0 destroy"
        ],
        "这些地方完全无法使用活塞": [
            {
                "x": -64,
                "y": 106,
                "z": -32,
                "半径": 100
            }
        ]
    }
}