{
    "配置版本": "0.0.1",
    "配置项": {
        "空岛生成坐标原点(生效后请勿更改)": [
            0,
            100,
            200
        ],
        "空岛间距(生效后请勿更改)": 160,
        "可选空岛结构": {
            "L型空岛": {
                "结构名": "空岛1",
                "介绍": "普通的L型空岛",
                "结构生成偏移": [
                    -9,
                    -6,
                    -4
                ]
            },
            "微缩地形空岛": {
                "结构名": "空岛2",
                "介绍": "有着微缩地形的空岛",
                "结构生成偏移": [
                    -7,
                    -6,
                    -7
                ]
            },
            "微缩矿区空岛": {
                "结构名": "空岛3",
                "介绍": "有着微缩矿区的空岛",
                "结构生成偏移": [
                    -7,
                    -6,
                    -7
                ]
            }
        }
    }
}