{
    "配置版本": "0.0.1",
    "配置项": {
        "CQHTTP运行目录": "f:\\gitclone\\ToolDelta\\插件数据文件\\群服互通\\cq-http",
        "CQHTTP运行文件": "51537868967756369c9b26d1f6e24a01.exe",
        "CQHTTP运行UUID": "51537868967756369c9b26d1f6e24a01",
        "CQHTTP自动重启": true,
        "CQHTTP自动重启最大限次": 3,
        "输出CQHTTP输出[可能导致刷屏][如果关闭将会屏蔽CQHTTP成功登陆账号后的消息]": false,
        "内置签名服务端": true,
        "签名服务端运行目录": "",
        "SIGN-SERVER自动重启": true,
        "SIGN-SERVER自动重启最大限次": 2,
        "JDK位置": "",
        "Sign-Server配置": {
            "host": "127.0.0.1",
            "端口": 8080,
            "key": "114514",
            "share_token": false,
            "auto_register": true,
            "lib版本": "8.9.96"
        },
        "端口被占用时随机端口[全局][插件内]": true,
        "当签名服务端无响应时自动重启": true,
        "输出签名服务器输出[可能导致刷屏]": true,
        "CQHTTP事件处理服务端配置": {
            "host": "127.0.0.1",
            "端口": 8087
        },
        "自动重启等待时间[S]": 10,
        "群服互通相关配置": {
            "管理员账号": "0000000000",
            "启用群列表": [
                {
                    "群名称[请注意敏感词]114514快乐群1": "114514000",
                    "群名称[请注意敏感词]114514快乐群2": "114514000"
                }
            ]
        },
        "仅输出被启用的群消息": true
    }
}