{
    "配置版本": "0.0.1",
    "配置项": {
        "help菜单样式": {
            "菜单头": "§7>>> §l§bＴｏｏｌＤｅｌｔａ\n§r§l===============================",
            "菜单列表": " - [菜单指令][参数提示] §7§o[菜单功能说明]",
            "菜单尾": "§r§l==========[[当前页数] §7\/ [总页数]§f]===========\n§r>>> §7输入 .help <页数> 可以跳转到该页"
        },
        "\/help触发词": [
            ".help"
        ],
        "被识别为触发词的前缀(不填则为无命令前缀)": [
            ".",
            "。",
            "·"
        ],
        "单页内最多显示数": 8
    }
}