{
    "配置版本": "0.0.1",
    "配置项": {
        "玩家升级所需经验值的计算公式": "500+玩家等级*40",
        "玩家晋阶时执行的指令": [
            "\/tellraw @a {\"rawtext\":[{\"text\": \"§7玩家§f[玩家名]§7等级提升至§e[等级]§7级!\"}]}",
            "\/title [玩家名] title §a世界等级: [等级]\n§a\n§a\n§a"
        ],
        "道具升级(道具所属组类:升级样式)": {
            "SRPG:武器": {
                "最大等级": 100,
                "升级后属性值的变动": "属性原数值**(1.1+0.1*道具当前等级\/10)",
                "可用升级材料及单个材料给予的经验值(不提供经验值则填0)": {
                    "大经验书": 1000,
                    "小经验书": 100
                },
                "每升一级后升级所需经验数计算公式": "500+道具当前等级*20",
                "升级到这些级数的时候晋阶所需的[材料:数量]": {
                    "10": {
                        "石英晶": 5
                    }
                },
                "最大等级上限": 0
            }
        },
        "饰品升级(道具所属组类:升级样式)": {
            "SRPG:B类饰品": {
                "最大等级": 15,
                "达到等级时副词条变动": [
                    2,
                    3,
                    5,
                    7,
                    11,
                    14,
                    15
                ],
                "可用升级材料及单个材料给予的经验值(不提供经验值则填0)": {
                    "魔金粒": 50,
                    "魔钢锭": 300,
                    "魔金锭": 450,
                    "魔力珍珠": 750,
                    "魔力砂金": 860,
                    "魔力钻石": 1200
                },
                "每升一级后升级所需经验数计算公式": "300**(1+道具当前等级\/20)",
                "升级到这些级数的时候晋阶所需的[材料:数量]": {},
                "主词条数值的变动范围以及权重": {
                    "生命提升": {
                        "最小": 5,
                        "最大": 6,
                        "权重": 1.5
                    },
                    "攻击力": {
                        "最小": 4,
                        "最大": 6,
                        "权重": 2
                    }
                },
                "副词条数值的变动范围以及生成权重": {
                    "生命提升": {
                        "最小": 25,
                        "最大": 45,
                        "权重": 1.5
                    },
                    "生命提升加成": {
                        "最小": 0.07,
                        "最大": 0.09,
                        "权重": 1
                    },
                    "攻击力": {
                        "最小": 19,
                        "最大": 35,
                        "权重": 2
                    },
                    "攻击力加成": {
                        "最小": 0.01,
                        "最大": 0.03,
                        "权重": 2
                    },
                    "防御力": {
                        "最小": 20,
                        "最大": 38,
                        "权重": 2
                    },
                    "防御力加成": {
                        "最小": 0.011,
                        "最大": 0.032,
                        "权重": 2
                    },
                    "暴击率": {
                        "最小": 0.01,
                        "最大": 0.03,
                        "权重": 1.5
                    },
                    "暴击伤害": {
                        "最小": 0.04,
                        "最大": 0.07,
                        "权重": 1.5
                    }
                }
            }
        },
        "饰品可用定向升级材料": {}
    }
}