{
    "配置版本": "0.0.1",
    "配置项": {
        "配方": {
            "杂物": [
                {
                    "原料": {
                        "纸": {
                            "ID": "paper",
                            "数量": 1,
                            "特殊值": 0
                        },
                        "线": {
                            "ID": "string",
                            "数量": 1,
                            "特殊值": -1
                        },
                        "绿宝石": {
                            "ID": "emerald",
                            "数量": 1,
                            "特殊值": 0
                        }
                    },
                    "产物": {
                        "命名牌": {
                            "ID": "name_tag",
                            "数量": 1
                        }
                    }
                }
            ],
            "电路板 & 升级组件": [
                {
                    "原料": {
                        "红石火把": {
                            "ID": "redstone_torch",
                            "数量": 1,
                            "特殊值": -1
                        },
                        "红石": {
                            "ID": "redstone",
                            "数量": 4,
                            "特殊值": -1
                        }
                    },
                    "产物": {
                        "无线能源天线": {
                            "ID": "structure:无线能源天线",
                            "数量": 1,
                            "特殊值": -1
                        },
                        "红石": {
                            "ID": "redstone",
                            "数量": 4,
                            "特殊值": -1
                        }
                    }
                },
                {
                    "原料": {
                        "青金石": {
                            "ID": "lapis_lazuli",
                            "数量": 1,
                            "特殊值": -1
                        },
                        "红石": {
                            "ID": "redstone",
                            "数量": 2,
                            "特殊值": -1
                        },
                        "铁锭": {
                            "ID": "iron_ingot",
                            "数量": 4,
                            "特殊值": 0
                        },
                        "铜锭": {
                            "ID": "copper_ingot",
                            "数量": 2,
                            "特殊值": 0
                        }
                    },
                    "产物": {
                        "无线能源天线": {
                            "ID": "structure:基础控制电路",
                            "数量": 1,
                            "特殊值": -1
                        }
                    }
                },
                {
                    "原料": {
                        "基础控制电路": {
                            "ID": "ward_armor_trim_smithing_template",
                            "数量": 1,
                            "特殊值": 701
                        },
                        "红石": {
                            "ID": "redstone",
                            "数量": 2,
                            "特殊值": -1
                        },
                        "青铜锭": {
                            "ID": "copper_ingot",
                            "数量": 4,
                            "特殊值": 511
                        },
                        "下界砖": {
                            "ID": "netherbrick",
                            "数量": 2,
                            "特殊值": 0
                        }
                    },
                    "产物": {
                        "强化控制电路": {
                            "ID": "structure:强化控制电路",
                            "数量": 1,
                            "特殊值": -1
                        }
                    }
                },
                {
                    "原料": {
                        "强化控制电路": {
                            "ID": "host_armor_trim_smithing_template",
                            "数量": 1,
                            "特殊值": 702
                        },
                        "红石": {
                            "ID": "redstone",
                            "数量": 2,
                            "特殊值": -1
                        },
                        "琥珀金锭": {
                            "ID": "gold_ingot",
                            "数量": 4,
                            "特殊值": 510
                        },
                        "海晶碎片": {
                            "ID": "prismarine_shard",
                            "数量": 2,
                            "特殊值": 0
                        }
                    },
                    "产物": {
                        "晶化控制电路": {
                            "ID": "structure:晶化控制电路",
                            "数量": 1,
                            "特殊值": -1
                        }
                    }
                },
                {
                    "原料": {
                        "晶化控制电路": {
                            "ID": "tide_armor_trim_smithing_template",
                            "数量": 1,
                            "特殊值": 703
                        },
                        "红石": {
                            "ID": "redstone",
                            "数量": 2,
                            "特殊值": -1
                        },
                        "谐振合金": {
                            "ID": "gold_ingot",
                            "数量": 4,
                            "特殊值": 734
                        },
                        "末地石": {
                            "ID": "end_stone",
                            "数量": 2,
                            "特殊值": 0
                        }
                    },
                    "产物": {
                        "末影控制电路": {
                            "ID": "structure:末影控制电路",
                            "数量": 1,
                            "特殊值": -1
                        }
                    }
                }
            ],
            "机械元件": [
                {
                    "原料": {
                        "钢锭": {
                            "ID": "iron_ingot",
                            "数量": 4,
                            "特殊值": 703
                        },
                        "青铜锭": {
                            "ID": "copper_ingot",
                            "数量": 3,
                            "特殊值": 511
                        }
                    },
                    "产物": {
                        "普通钻尖": {
                            "ID": "structure:普通钻尖",
                            "数量": 1,
                            "特殊值": -1
                        }
                    }
                },
                {
                    "原料": {
                        "普通钻尖": {
                            "ID": "flint",
                            "数量": 1,
                            "特殊值": 705
                        },
                        "殷钢锭": {
                            "ID": "iron_ingot",
                            "数量": 4,
                            "特殊值": 512
                        },
                        "红石": {
                            "ID": "redstone",
                            "数量": 3,
                            "特殊值": 0
                        }
                    },
                    "产物": {
                        "强化钻尖": {
                            "ID": "structure:强化钻尖",
                            "数量": 1,
                            "特殊值": -1
                        }
                    }
                },
                {
                    "原料": {
                        "青铜锭": {
                            "ID": "copper_ingot",
                            "数量": 1,
                            "特殊值": 511
                        },
                        "锡锭": {
                            "ID": "iron_ingot",
                            "数量": 4,
                            "特殊值": 505
                        }
                    },
                    "产物": {
                        "普通锯片": {
                            "ID": "structure:普通锯片",
                            "数量": 1,
                            "特殊值": -1
                        }
                    }
                },
                {
                    "原料": {
                        "普通锯片": {
                            "ID": "prismarine_crystals",
                            "数量": 1,
                            "特殊值": 707
                        },
                        "殷钢锭": {
                            "ID": "iron_ingot",
                            "数量": 4,
                            "特殊值": 512
                        },
                        "钻石": {
                            "ID": "diamond",
                            "数量": 4,
                            "特殊值": 0
                        }
                    },
                    "产物": {
                        "普通锯片": {
                            "ID": "structure:普通锯片",
                            "数量": 1,
                            "特殊值": -1
                        }
                    }
                },
                {
                    "原料": {
                        "铜锭": {
                            "ID": "copper_ingot",
                            "数量": 2,
                            "特殊值": 0
                        },
                        "康铜锭": {
                            "ID": "copper_ingot",
                            "数量": 6,
                            "特殊值": 513
                        },
                        "红石": {
                            "ID": "redstone",
                            "数量": 1,
                            "特殊值": 0
                        }
                    },
                    "产物": {
                        "高热电位发生器": {
                            "ID": "structure:高热电位发生器",
                            "数量": 1,
                            "特殊值": -1
                        }
                    }
                },
                {
                    "原料": {
                        "铜锭": {
                            "ID": "copper_ingot",
                            "数量": 8,
                            "特殊值": 0
                        },
                        "钻石": {
                            "ID": "diamond",
                            "数量": 1,
                            "特殊值": 0
                        }
                    },
                    "产物": {
                        "电阻加热底座": {
                            "ID": "structure:电阻加热底座",
                            "数量": 1,
                            "特殊值": -1
                        }
                    }
                },
                {
                    "原料": {
                        "电阻加热底座": {
                            "ID": "music_disc_relic",
                            "数量": 1,
                            "特殊值": 716
                        },
                        "康铜锭": {
                            "ID": "copper_ingot",
                            "数量": 4,
                            "特殊值": 513
                        },
                        "红石": {
                            "ID": "redstone",
                            "数量": 4,
                            "特殊值": 0
                        }
                    },
                    "产物": {
                        "电阻加热底座": {
                            "ID": "structure:电阻加热底座",
                            "数量": 1,
                            "特殊值": -1
                        }
                    }
                }
            ]
        }
    }
}