{
    "配置版本": "0.0.5",
    "配置项": {
        "菜单项": [
            {
                "说明": "返回主城",
                "触发词": [
                    "hub",
                    "spawn",
                    "main",
                    "回城",
                    "返回主城"
                ],
                "需要的参数数量": 0,
                "参数提示": "",
                "功能简介": "返回重生点",
                "触发后执行的指令": [
                    "/w [玩家名] 管理员还没有设定主城坐标 (前往 自定义聊天栏菜单.json 配置文件更改)"
                ],
                "仅OP可用": false
            },
            {
                "说明": "设置重生点",
                "触发词": [
                    "spawnpoint",
                    "设置重生点"
                ],
                "需要的参数数量": 0,
                "参数提示": "",
                "功能简介": "返回重生点",
                "触发后执行的指令": [
                    "/execute as [玩家名] at @s run spawnpoint",
                    "td:/show §a已设置重生点"
                ],
                "仅OP可用": false
            },
            {
                "说明": "返回重生点",
                "触发词": [
                    "kill",
                    "自尽"
                ],
                "需要的参数数量": 0,
                "参数提示": "",
                "功能简介": "返回重生点",
                "触发后执行的指令": [
                    "/kill [玩家名]",
                    "/title @a[name=玩家名] actionbar 自尽成功"
                ],
                "仅OP可用": false
            },
            {
                "说明": "查看个人档案",
                "触发词": [
                    "个人档案",
                    "prof"
                ],
                "需要的参数数量": 0,
                "参数提示": "",
                "功能简介": "查看个人档案",
                "触发后执行的指令": [
                    "td:/show §e| §lProfile§r§e |",
                    "td:/show §7▶ §e金币: [计分板:money]",
                    "td:/show §7▶ §d在线时长: [计分板:在线时长]",
                    "td:/show §7查看更多， 请前往 义聊天栏菜单.json 配置文件更改"
                ],
                "仅OP可用": false
            }
        ]
    }
}