{
    "配置版本": "0.0.1",
    "配置项": {
        "剧情设置": {
            "说明": "剧情脚本的存放路径为 data\/SkyblueCustomRPG\/剧情脚本 文件夹.",
            "剧情对话框显示格式": "§6[角色名]\n§7----------------------------------------\n[内容]",
            "选择选项提示格式(未选中)": "§7[选项序号] §7| §f[选项]",
            "选择选项提示格式(被选中)": "§b[选项序号] §7| §f[选项]",
            "剧情对话框每行的最多字符数": 20
        },
        "任务设置": {
            "任务列表显示格式": [
                "§7▶ 当前正在进行的任务:",
                " §f[i] §7- §f[任务显示名]\n  §7[任务描述] ",
                "§7在15s内§f输入序号§7可以提交此任务"
            ],
            "接到新任务时执行的指令": [
                "\/execute as @a[name=[玩家名]] at @s run playsound note.pling @s ~~~ 1 1.4",
                "\/tellraw @a[name=[玩家名]] {\"rawtext\":[{\"text\":\"§d▶ §e收到新任务 §f[任务显示名]\n  §7[任务描述] \n§3输入§b.rw§3以提交任务\"}]}"
            ],
            "任务无法提交的显示": {
                "显示头": "§c任务无法达成, 原因: ",
                "检测条件指令未通过": " §6条件未达成",
                "缺少需要的物品": " §6需要物品 [物品显示名] §c[当前持有物品数量]§f\/[需要物品的数量]",
                "要求的剧情没有完成": "§6还有剧情未完成",
                "任务为一次性任务": "§c你已经完成过该任务了",
                "任务冷却": "§c任务冷却时间还有 §6%d §c天 §6%H §c时 §6%M §c分"
            },
            "任务完成执行的指令": [
                "\/tellraw @a[name=[玩家名]] {\"rawtext\":[{\"text\":\"§a任务完成\"}]}",
                "\/execute as @a[name=[玩家名]] at @s run playsound random.levelup @s"
            ]
        }
    }
}