{
    "配置版本": "0.0.1",
    "配置项": {
        "玩家初始设置": {
            "血量": 100
        },
        "星级显示": {
            "亮": "§e♦",
            "暗": "§7♦"
        },
        "基本属性名称": {
            "属性1": "§c火属性",
            "属性2": "§b冰属性",
            "属性3": "§a草属性",
            "属性4": "§d雷属性",
            "属性5": "§e金属性",
            "属性6": "§9虚空属性",
            "属性7": "§5末影属性"
        },
        "玩家默认设置": {
            "默认重生点": [
                0,
                0,
                0
            ]
        },
        "道具列表": {
            "剑": {
                "SwordWuMing": {
                    "显示名": "§f钢刃 §l[§c炽焱§f]",
                    "星级": 3,
                    "描述": "使用永不熄灭的星焱铸成， 被注入了毁灭的意志"
                }
            },
            "弓箭": {},
            "盔甲": {
                "头盔": {
                    "头盔霞光": {
                        "显示名": "§f头盔 §l[§d霞光§f]",
                        "星级": 3,
                        "描述": "紫色的光华弥漫开来..."
                    }
                },
                "胸甲": {
                    "胸甲霞光": {
                        "显示名": "§f胸甲 §l[§d霞光§f]",
                        "星级": 3,
                        "描述": "紫色的光华弥漫开来..."
                    }
                },
                "护腿": {
                    "护腿霞光": {
                        "显示名": "§f护腿 §l[§d霞光§f]",
                        "星级": 3,
                        "描述": "紫色的光华弥漫开来..."
                    }
                },
                "护靴": {
                    "护靴霞光": {
                        "标签名": "护靴霞光",
                        "显示名": "§f护靴 §l[§d霞光§f]",
                        "星级": 3,
                        "描述": "紫色的光华弥漫开来..."
                    }
                }
            },
            "饰品": {
                "GrassSeed": {
                    "显示名": "§f饰品 §l[§6普通草种§f]",
                    "星级": 3,
                    "描述": "(生机勃勃的气息。)",
                    "所属组类": "B"
                }
            }
        },
        "实体": {
            "普通僵尸": {
                "显示名": "普通僵尸",
                "种类id": 1,
                "血量": 200,
                "攻击数值": {
                    "属性1": 20
                },
                "防御数值": {},
                "被击败后获取的EXP值的范围": [
                    4,
                    6
                ],
                "被击败后执行的指令": [],
                "掉落物": [
                    {
                        "物品标签名": "大经验书",
                        "数量": 5
                    },
                    {
                        "物品标签名": "魔金锭",
                        "数量": 4
                    }
                ]
            }
        },
        "材料和物品": {
            "大经验书": {
                "显示名": "§d大经验书",
                "星级": 3,
                "描述": "无"
            },
            "小经验书": {
                "显示名": "§5小经验书",
                "星级": 2,
                "描述": "无"
            },
            "虚空造物": {
                "显示名": "§9虚空造物",
                "星级": 3,
                "描述": "无"
            },
            "蔚蓝点": {
                "显示名": "§b蔚蓝点",
                "星级": 3,
                "描述": "无"
            },
            "蔚晶": {
                "显示名": "§b§l蔚晶§r",
                "星级": 5,
                "描述": "无"
            },
            "石英晶": {
                "显示名": "§f石英晶§r",
                "星级": 2,
                "描述": "无"
            },
            "魔金锭": {
                "显示名": "§d魔金锭",
                "星级": 3,
                "描述": "无"
            },
            "注魔石板": {
                "显示名": "§d§l注魔§r§d石板",
                "星级": 3,
                "描述": "无"
            }
        }
    }
}