{
    "配置版本": "0.0.1",
    "配置项": {
        "单页最大选项数": 6,
        "菜单退出提示": "§c已退出菜单.",
        "菜单主界面格式头": "§f雪球菜单§7> ",
        "菜单主界面格式尾": "§f - [[当前页码]\/[总页码]]",
        "菜单主界面选项格式(选项未选中)": " §7- [选项文本]",
        "菜单主界面选项格式(选项被选中)": " §f- [选项文本]",
        "自定义主菜单内容": [
            {
                "显示名": "自尽",
                "执行的指令": [
                    "\/kill @a[name=[玩家名]]",
                    "\/title @a[name=[玩家名]] title §c已自尽"
                ]
            },
            {
                "显示名": "设置重生点",
                "执行的指令": [
                    "\/execute @a[name=[玩家名]] ~~~ spawnpoint",
                    "\/title @a[name=[玩家名]] title §a已设置重生点"
                ]
            }
        ]
    }
}