{
    "配置版本": "0.0.6",
    "配置项": {
        "音乐播放条格式": "§e[歌曲名] §f[当前播放时长] §7\/ [总播放时长] [播放符号]\n[播放条]",
        "限制最大的音乐同时播放数": 4,
        "播放音乐、暂停和继续播放的触发词": [
            "music play",
            "播放",
            "music pause",
            "暂停"
        ],
        "停止播放的触发词": [
            "music stop",
            "停止播放"
        ],
        "查询曲目列表触发词": [
            "music list",
            "音乐列表"
        ],
        "是否仅OP可播放音乐": false
    }
}