[
    {
        "ID": "stick",
        "名称": "可爱\n不可爱",
        "特殊值": 1,
        "标签属性": null
    },
    {
        "ID": "diamond",
        "名称": "可爱\n\n§7的钻石...？",
        "特殊值": 1,
        "标签属性": {"can_place_on": {"blocks":["diamond_block"]}}
    },{
        "ID": "stick",
        "名称": "可爱\n不可爱",
        "特殊值": 1,
        "标签属性": null
    },{
        "ID": "stick",
        "名称": "可爱\n不可爱",
        "特殊值": 1,
        "标签属性": null
    }
]