[
    {
        "ID": "iron_nugget",
        "名称": "§7硬币\n\n§7一枚硬币， 可以用于§e交易§7和§e货币兑换§7。\n§9§o经济",
        "特殊值": 501,
        "标签属性": {
            "can_place_on": {
                "blocks": ["gold_ore"]
            }
        }
    },
    {
        "ID": "iron_nugget",
        "名称": "§7硬币\n\n一枚金币， 可以用于§g交易§7和§g货币兑换§7。\n§9§o经济",
        "特殊值": 502,
        "标签属性": {
            "can_place_on": {
                "blocks": ["gold_ore"]
            }
        }
    },
    {
        "ID": "field_masoned_banner_pattern",
        "名称": "§b干净的毛巾\n\n§7适合清洁污垢..\n§9§o日用品",
        "特殊值": 503,
        "标签属性": {
            "can_place_on": {
                "blocks": ["wool"]
            }
        }
    },
    {
        "ID": "field_masoned_banner_pattern",
        "名称": "略显脏皱的毛巾\n\n§7用过的毛巾要拿去洗洗..\n§9§o日用品",
        "特殊值": 504,
        "标签属性": {
            "can_place_on": {
                "blocks": ["wool"]
            }
        }
    },
    {
        "ID": "field_masoned_banner_pattern",
        "名称": "灰暗的毛巾\n\n§7用过的毛巾要拿去用肥皂洗洗..\n§9§o日用品",
        "特殊值": 505,
        "标签属性": {
            "can_place_on": {
                "blocks": ["wool"]
            }
        }
    },
    {
        "ID": "field_masoned_banner_pattern",
        "名称": "肮脏的毛巾\n\n§7难以洗净， 更适合拿去回收..\n§9§o日用品",
        "特殊值": 506,
        "标签属性": {
            "can_place_on": {
                "blocks": ["wool"]
            }
        }
    },
    {
        "ID": "ghast_tear",
        "名称": "感冒药\n\n§7别把自己冷着了！\n§9§o药品",
        "特殊值": 507,
        "标签属性": {
            "can_place_on": {
                "blocks": ["grass"]
            }
        }
    },
    {
        "ID": "sugar",
        "名称": "洗涤粉\n\n§7洗涤物品， 保持舒适。\n§9§o日用品",
        "特殊值": 508,
        "标签属性": {
            "can_place_on": {
                "blocks": ["wool"]
            }
        }
    },
    {
        "ID": "turtle_shell_piece",
        "名称": "降火药\n\n§7唔好日日食热气食品喔！\n§9§o日用品",
        "特殊值": 508,
        "标签属性": {
            "can_place_on": {
                "blocks": ["grass"]
            }
        }
    },
    {
        "ID": "disc_fragment_5",
        "名称": "肾上腺素片\n\n§7可以短暂地促进人体机能提升\n§9§o日用品",
        "特殊值": 508,
        "标签属性": {
            "can_place_on": {
                "blocks": ["grass"]
            }
        }
    }
]