{
    "标签名": "到外面走走并进入剧情",
    "显示名": "世界的边缘",
    "描述": "到门外通风透气",
    "任务达成条件检测的指令": [],
    "只能由命令方块触发": false,
    "任务达成条件高级设置(没有就填{})": {
        "需要完成的前置剧情名列表": ["开始2"]
    },
    "任务模式(-1=一次性 0=可重复做 >0为任务冷却秒数)": -1,
    "任务完成": {
        "执行的指令": [],
        "给予的[RPG特殊物品标签名:数量](没有就填{})": {},
        "触发的剧情的标签名(没有则填null)": "开始3"
    }
}