{
    "显示名": "请怪入瓮",
    "描述": "建造刷怪塔或刷怪平台， 获取1个腐肉和1根线",
    "检测的指令": [],
    "需要的物品": {
        "线": [
            "string",
            1
        ],
        "腐肉": [
            "rotten_flesh",
            1
        ]
    },
    "只能由命令方块触发完成": false,
    "任务模式(-1=一次性 0=可重复做 >0为任务冷却秒数)": -1,
    "任务完成": {
        "执行的指令": [
            "xp 1L [玩家名]"
        ],
        "给予的物品": {
            "铁锭": [
                "iron_ingot",
                6
            ]
        },
        "开启的新任务": [
            "开局任务/筛矿"
        ]
    }
}