{
    "显示名": "梦想的开始",
    "描述": "进服就别想走了哦awa",
    "检测的指令": [],
    "需要的物品": {},
    "只能由命令方块触发完成": false,
    "任务模式(-1=一次性 0=可重复做 >0为任务冷却秒数)": -1,
    "任务完成": {
        "执行的指令": [
            "scoreboard players add [玩家名] money 500",
            "execute as [玩家名] at @s run structure load 租赁服指南 ~~1~",
            "execute as [玩家名] at @s run structure load 游玩指南 ~~1~",
            "execute as [玩家名] at @s run structure load 蔚蓝科技指南 ~~1~"
        ],
        "给予的物品": {
            "钻石斧": [
                "diamond_axe",
                1
            ],
            "钻石镐": [
                "diamond_pickaxe",
                1
            ],
            "钻石铲": [
                "diamond_shovel",
                1
            ],
            "铁头盔": [
                "iron_helmet",
                1
            ],
            "铁护甲": [
                "iron_chestplate",
                1
            ],
            "铁护腿": [
                "iron_leggings",
                1
            ],
            "铁靴子": [
                "iron_boots",
                1
            ],
            "水桶": [
                "water_bucket",
                2
            ],
            "岩浆桶": [
                "lava_bucket",
                2
            ],
            "树苗": [
                "sapling",
                5
            ]
        },
        "开启的新任务": [
            "开局任务/空岛的源初日"
        ]
    }
}