{
    "显示名": "空岛の源初日",
    "描述": "获取10个树苗和1组圆石",
    "检测的指令": [],
    "需要的物品": {
        "树苗": [
            "sapling",
            10
        ],
        "圆石": [
            "cobblestone",
            64
        ]
    },
    "只能由命令方块触发完成": false,
    "任务模式(-1=一次性 0=可重复做 >0为任务冷却秒数)": -1,
    "任务完成": {
        "执行的指令": [
            "xp 1L [玩家名]"
        ],
        "给予的物品": {},
        "开启的新任务": [
            "开局任务/刷怪"
        ]
    }
}