{
    "显示名": "有机泥巴",
    "描述": "和筛砂砾的方法一样， 筛泥巴并获得8个小麦种子",
    "检测的指令": [],
    "需要的物品": {
        "萤石": [
            "glowstone_dust",
            1
        ]
    },
    "只能由命令方块触发完成": false,
    "任务模式(-1=一次性 0=可重复做 >0为任务冷却秒数)": -1,
    "任务完成": {
        "执行的指令": [],
        "给予的物品": {
            "沙子": [
                "sand",
                32
            ]
        },
        "开启的新任务": []
    }
}