{
    "显示名": "砾中求宝",
    "描述": "使用 .兑换 指令兑换一个筛子并筛矿， 将砂砾放在筛子上， 站在砂砾上即可筛矿",
    "检测的指令": [],
    "需要的物品": {
        "筛子(脚手架)": [
            "scaffolding",
            1
        ]
    },
    "只能由命令方块触发完成": false,
    "任务模式(-1=一次性 0=可重复做 >0为任务冷却秒数)": -1,
    "任务完成": {
        "执行的指令": [],
        "给予的物品": {
            "砂砾": [
                "gravel",
                32
            ]
        },
        "开启的新任务": [
            "蔚蓝科技/工业材料学",
            "开局任务/幕间休息"
        ]
    }
}